,Date,Day(Eng),Day(Ghomala)
0,Ŋkə̂mmghě 1 2025,Wednesday,Ntâmgǒ
1,Ŋkə̂mmghě 2 2025,Thursday,Tyə́'pfô
2,Ŋkə̂mmghě 3 2025,Friday,Shyə̂ŋkǔ'
3,Ŋkə̂mmghě 4 2025,Saturday,Dzə̂dzə
4,Ŋkə̂mmghě 5 2025,Sunday,Ntâmdzə
5,Ŋkə̂mmghě 6 2025,Monday,Sɛ̂sǔ
6,Ŋkə̂mmghě 7 2025,Tuesday,Gɔ̂sʉɔ̌
7,Ŋkə̂mmghě 8 2025,Wednesday,Dzə̂mtɔ̌
8,Ŋkə̂mmghě 9 2025,Thursday,Ntâmgǒ
9,Ŋkə̂mmghě 10 2025,Friday,Tyə́'pfô
10,Ŋkə̂mmghě 11 2025,Saturday,Shyə̂ŋkǔ'
11,Ŋkə̂mmghě 12 2025,Sunday,Dzə̂dzə
12,Ŋkə̂mmghě 13 2025,Monday,Ntâmdzə
13,Ŋkə̂mmghě 14 2025,Tuesday,Sɛ̂sǔ
14,Ŋkə̂mmghě 15 2025,Wednesday,Gɔ̂sʉɔ̌
15,Ŋkə̂mmghě 16 2025,Thursday,Dzə̂mtɔ̌
16,Ŋkə̂mmghě 17 2025,Friday,Ntâmgǒ
17,Ŋkə̂mmghě 18 2025,Saturday,Tyə́'pfô
18,Ŋkə̂mmghě 19 2025,Sunday,Shyə̂ŋkǔ'
19,Ŋkə̂mmghě 20 2025,Monday,Dzə̂dzə
20,Ŋkə̂mmghě 21 2025,Tuesday,Ntâmdzə
21,Ŋkə̂mmghě 22 2025,Wednesday,Sɛ̂sǔ
22,Ŋkə̂mmghě 23 2025,Thursday,Gɔ̂sʉɔ̌
23,Ŋkə̂mmghě 24 2025,Friday,Dzə̂mtɔ̌
24,Ŋkə̂mmghě 25 2025,Saturday,Ntâmgǒ
25,Ŋkə̂mmghě 26 2025,Sunday,Tyə́'pfô
26,Ŋkə̂mmghě 27 2025,Monday,Shyə̂ŋkǔ'
27,Ŋkə̂mmghě 28 2025,Tuesday,Dzə̂dzə
28,Ŋkə̂mmghě 29 2025,Wednesday,Ntâmdzə
29,Ŋkə̂mmghě 30 2025,Thursday,Sɛ̂sǔ
30,Ŋkə̂mmghě 31 2025,Friday,Gɔ̂sʉɔ̌
0,Sɔ̂gwǐŋ 1 2025,Saturday,Dzə̂mtɔ̌
1,Sɔ̂gwǐŋ 2 2025,Sunday,Ntâmgǒ
2,Sɔ̂gwǐŋ 3 2025,Monday,Tyə́'pfô
3,Sɔ̂gwǐŋ 4 2025,Tuesday,Shyə̂ŋkǔ'
4,Sɔ̂gwǐŋ 5 2025,Wednesday,Dzə̂dzə
5,Sɔ̂gwǐŋ 6 2025,Thursday,Ntâmdzə
6,Sɔ̂gwǐŋ 7 2025,Friday,Sɛ̂sǔ
7,Sɔ̂gwǐŋ 8 2025,Saturday,Gɔ̂sʉɔ̌
8,Sɔ̂gwǐŋ 9 2025,Sunday,Dzə̂mtɔ̌
9,Sɔ̂gwǐŋ 10 2025,Monday,Ntâmgǒ
10,Sɔ̂gwǐŋ 11 2025,Tuesday,Tyə́'pfô
11,Sɔ̂gwǐŋ 12 2025,Wednesday,Shyə̂ŋkǔ'
12,Sɔ̂gwǐŋ 13 2025,Thursday,Dzə̂dzə
13,Sɔ̂gwǐŋ 14 2025,Friday,Ntâmdzə
14,Sɔ̂gwǐŋ 15 2025,Saturday,Sɛ̂sǔ
15,Sɔ̂gwǐŋ 16 2025,Sunday,Gɔ̂sʉɔ̌
16,Sɔ̂gwǐŋ 17 2025,Monday,Dzə̂mtɔ̌
17,Sɔ̂gwǐŋ 18 2025,Tuesday,Ntâmgǒ
18,Sɔ̂gwǐŋ 19 2025,Wednesday,Tyə́'pfô
19,Sɔ̂gwǐŋ 20 2025,Thursday,Shyə̂ŋkǔ'
20,Sɔ̂gwǐŋ 21 2025,Friday,Dzə̂dzə
21,Sɔ̂gwǐŋ 22 2025,Saturday,Ntâmdzə
22,Sɔ̂gwǐŋ 23 2025,Sunday,Sɛ̂sǔ
23,Sɔ̂gwǐŋ 24 2025,Monday,Gɔ̂sʉɔ̌
24,Sɔ̂gwǐŋ 25 2025,Tuesday,Dzə̂mtɔ̌
25,Sɔ̂gwǐŋ 26 2025,Wednesday,Ntâmgǒ
26,Sɔ̂gwǐŋ 27 2025,Thursday,Tyə́'pfô
27,Sɔ̂gwǐŋ 28 2025,Friday,Shyə̂ŋkǔ'
0,Dzə̂tsə́ 1 2025,Saturday,Dzə̂dzə
1,Dzə̂tsə́ 2 2025,Sunday,Ntâmdzə
2,Dzə̂tsə́ 3 2025,Monday,Sɛ̂sǔ
3,Dzə̂tsə́ 4 2025,Tuesday,Gɔ̂sʉɔ̌
4,Dzə̂tsə́ 5 2025,Wednesday,Dzə̂mtɔ̌
5,Dzə̂tsə́ 6 2025,Thursday,Ntâmgǒ
6,Dzə̂tsə́ 7 2025,Friday,Tyə́'pfô
7,Dzə̂tsə́ 8 2025,Saturday,Shyə̂ŋkǔ'
8,Dzə̂tsə́ 9 2025,Sunday,Dzə̂dzə
9,Dzə̂tsə́ 10 2025,Monday,Ntâmdzə
10,Dzə̂tsə́ 11 2025,Tuesday,Sɛ̂sǔ
11,Dzə̂tsə́ 12 2025,Wednesday,Gɔ̂sʉɔ̌
12,Dzə̂tsə́ 13 2025,Thursday,Dzə̂mtɔ̌
13,Dzə̂tsə́ 14 2025,Friday,Ntâmgǒ
14,Dzə̂tsə́ 15 2025,Saturday,Tyə́'pfô
15,Dzə̂tsə́ 16 2025,Sunday,Shyə̂ŋkǔ'
16,Dzə̂tsə́ 17 2025,Monday,Dzə̂dzə
17,Dzə̂tsə́ 18 2025,Tuesday,Ntâmdzə
18,Dzə̂tsə́ 19 2025,Wednesday,Sɛ̂sǔ
19,Dzə̂tsə́ 20 2025,Thursday,Gɔ̂sʉɔ̌
20,Dzə̂tsə́ 21 2025,Friday,Dzə̂mtɔ̌
21,Dzə̂tsə́ 22 2025,Saturday,Ntâmgǒ
22,Dzə̂tsə́ 23 2025,Sunday,Tyə́'pfô
23,Dzə̂tsə́ 24 2025,Monday,Shyə̂ŋkǔ'
24,Dzə̂tsə́ 25 2025,Tuesday,Dzə̂dzə
25,Dzə̂tsə́ 26 2025,Wednesday,Ntâmdzə
26,Dzə̂tsə́ 27 2025,Thursday,Sɛ̂sǔ
27,Dzə̂tsə́ 28 2025,Friday,Gɔ̂sʉɔ̌
28,Dzə̂tsə́ 29 2025,Saturday,Dzə̂mtɔ̌
29,Dzə̂tsə́ 30 2025,Sunday,Ntâmgǒ
30,Dzə̂tsə́ 31 2025,Monday,Tyə́'pfô
0,Dzə̂biyɛ́ 1 2025,Tuesday,Shyə̂ŋkǔ'
1,Dzə̂biyɛ́ 2 2025,Wednesday,Dzə̂dzə
2,Dzə̂biyɛ́ 3 2025,Thursday,Ntâmdzə
3,Dzə̂biyɛ́ 4 2025,Friday,Sɛ̂sǔ
4,Dzə̂biyɛ́ 5 2025,Saturday,Gɔ̂sʉɔ̌
5,Dzə̂biyɛ́ 6 2025,Sunday,Dzə̂mtɔ̌
6,Dzə̂biyɛ́ 7 2025,Monday,Ntâmgǒ
7,Dzə̂biyɛ́ 8 2025,Tuesday,Tyə́'pfô
8,Dzə̂biyɛ́ 9 2025,Wednesday,Shyə̂ŋkǔ'
9,Dzə̂biyɛ́ 10 2025,Thursday,Dzə̂dzə
10,Dzə̂biyɛ́ 11 2025,Friday,Ntâmdzə
11,Dzə̂biyɛ́ 12 2025,Saturday,Sɛ̂sǔ
12,Dzə̂biyɛ́ 13 2025,Sunday,Gɔ̂sʉɔ̌
13,Dzə̂biyɛ́ 14 2025,Monday,Dzə̂mtɔ̌
14,Dzə̂biyɛ́ 15 2025,Tuesday,Ntâmgǒ
15,Dzə̂biyɛ́ 16 2025,Wednesday,Tyə́'pfô
16,Dzə̂biyɛ́ 17 2025,Thursday,Shyə̂ŋkǔ'
17,Dzə̂biyɛ́ 18 2025,Friday,Dzə̂dzə
18,Dzə̂biyɛ́ 19 2025,Saturday,Ntâmdzə
19,Dzə̂biyɛ́ 20 2025,Sunday,Sɛ̂sǔ
20,Dzə̂biyɛ́ 21 2025,Monday,Gɔ̂sʉɔ̌
21,Dzə̂biyɛ́ 22 2025,Tuesday,Dzə̂mtɔ̌
22,Dzə̂biyɛ́ 23 2025,Wednesday,Ntâmgǒ
23,Dzə̂biyɛ́ 24 2025,Thursday,Tyə́'pfô
24,Dzə̂biyɛ́ 25 2025,Friday,Shyə̂ŋkǔ'
25,Dzə̂biyɛ́ 26 2025,Saturday,Dzə̂dzə
26,Dzə̂biyɛ́ 27 2025,Sunday,Ntâmdzə
27,Dzə̂biyɛ́ 28 2025,Monday,Sɛ̂sǔ
28,Dzə̂biyɛ́ 29 2025,Tuesday,Gɔ̂sʉɔ̌
29,Dzə̂biyɛ́ 30 2025,Wednesday,Dzə̂mtɔ̌
0,Sûnè' 1 2025,Thursday,Ntâmgǒ
1,Sûnè' 2 2025,Friday,Tyə́'pfô
2,Sûnè' 3 2025,Saturday,Shyə̂ŋkǔ'
3,Sûnè' 4 2025,Sunday,Dzə̂dzə
4,Sûnè' 5 2025,Monday,Ntâmdzə
5,Sûnè' 6 2025,Tuesday,Sɛ̂sǔ
6,Sûnè' 7 2025,Wednesday,Gɔ̂sʉɔ̌
7,Sûnè' 8 2025,Thursday,Dzə̂mtɔ̌
8,Sûnè' 9 2025,Friday,Ntâmgǒ
9,Sûnè' 10 2025,Saturday,Tyə́'pfô
10,Sûnè' 11 2025,Sunday,Shyə̂ŋkǔ'
11,Sûnè' 12 2025,Monday,Dzə̂dzə
12,Sûnè' 13 2025,Tuesday,Ntâmdzə
13,Sûnè' 14 2025,Wednesday,Sɛ̂sǔ
14,Sûnè' 15 2025,Thursday,Gɔ̂sʉɔ̌
15,Sûnè' 16 2025,Friday,Dzə̂mtɔ̌
16,Sûnè' 17 2025,Saturday,Ntâmgǒ
17,Sûnè' 18 2025,Sunday,Tyə́'pfô
18,Sûnè' 19 2025,Monday,Shyə̂ŋkǔ'
19,Sûnè' 20 2025,Tuesday,Dzə̂dzə
20,Sûnè' 21 2025,Wednesday,Ntâmdzə
21,Sûnè' 22 2025,Thursday,Sɛ̂sǔ
22,Sûnè' 23 2025,Friday,Gɔ̂sʉɔ̌
23,Sûnè' 24 2025,Saturday,Dzə̂mtɔ̌
24,Sûnè' 25 2025,Sunday,Ntâmgǒ
25,Sûnè' 26 2025,Monday,Tyə́'pfô
26,Sûnè' 27 2025,Tuesday,Shyə̂ŋkǔ'
27,Sûnè' 28 2025,Wednesday,Dzə̂dzə
28,Sûnè' 29 2025,Thursday,Ntâmdzə
29,Sûnè' 30 2025,Friday,Sɛ̂sǔ
30,Sûnè' 31 2025,Saturday,Gɔ̂sʉɔ̌
0,Dzʉ̂ʼbvʉ̀ 1 2025,Sunday,Dzə̂mtɔ̌
1,Dzʉ̂ʼbvʉ̀ 2 2025,Monday,Ntâmgǒ
2,Dzʉ̂ʼbvʉ̀ 3 2025,Tuesday,Tyə́'pfô
3,Dzʉ̂ʼbvʉ̀ 4 2025,Wednesday,Shyə̂ŋkǔ'
4,Dzʉ̂ʼbvʉ̀ 5 2025,Thursday,Dzə̂dzə
5,Dzʉ̂ʼbvʉ̀ 6 2025,Friday,Ntâmdzə
6,Dzʉ̂ʼbvʉ̀ 7 2025,Saturday,Sɛ̂sǔ
7,Dzʉ̂ʼbvʉ̀ 8 2025,Sunday,Gɔ̂sʉɔ̌
8,Dzʉ̂ʼbvʉ̀ 9 2025,Monday,Dzə̂mtɔ̌
9,Dzʉ̂ʼbvʉ̀ 10 2025,Tuesday,Ntâmgǒ
10,Dzʉ̂ʼbvʉ̀ 11 2025,Wednesday,Tyə́'pfô
11,Dzʉ̂ʼbvʉ̀ 12 2025,Thursday,Shyə̂ŋkǔ'
12,Dzʉ̂ʼbvʉ̀ 13 2025,Friday,Dzə̂dzə
13,Dzʉ̂ʼbvʉ̀ 14 2025,Saturday,Ntâmdzə
14,Dzʉ̂ʼbvʉ̀ 15 2025,Sunday,Sɛ̂sǔ
15,Dzʉ̂ʼbvʉ̀ 16 2025,Monday,Gɔ̂sʉɔ̌
16,Dzʉ̂ʼbvʉ̀ 17 2025,Tuesday,Dzə̂mtɔ̌
17,Dzʉ̂ʼbvʉ̀ 18 2025,Wednesday,Ntâmgǒ
18,Dzʉ̂ʼbvʉ̀ 19 2025,Thursday,Tyə́'pfô
19,Dzʉ̂ʼbvʉ̀ 20 2025,Friday,Shyə̂ŋkǔ'
20,Dzʉ̂ʼbvʉ̀ 21 2025,Saturday,Dzə̂dzə
21,Dzʉ̂ʼbvʉ̀ 22 2025,Sunday,Ntâmdzə
22,Dzʉ̂ʼbvʉ̀ 23 2025,Monday,Sɛ̂sǔ
23,Dzʉ̂ʼbvʉ̀ 24 2025,Tuesday,Gɔ̂sʉɔ̌
24,Dzʉ̂ʼbvʉ̀ 25 2025,Wednesday,Dzə̂mtɔ̌
25,Dzʉ̂ʼbvʉ̀ 26 2025,Thursday,Ntâmgǒ
26,Dzʉ̂ʼbvʉ̀ 27 2025,Friday,Tyə́'pfô
27,Dzʉ̂ʼbvʉ̀ 28 2025,Saturday,Shyə̂ŋkǔ'
28,Dzʉ̂ʼbvʉ̀ 29 2025,Sunday,Dzə̂dzə
29,Dzʉ̂ʼbvʉ̀ 30 2025,Monday,Ntâmdzə
0,Fə̀fə̀ 1 2025,Tuesday,Sɛ̂sǔ
1,Fə̀fə̀ 2 2025,Wednesday,Gɔ̂sʉɔ̌
2,Fə̀fə̀ 3 2025,Thursday,Dzə̂mtɔ̌
3,Fə̀fə̀ 4 2025,Friday,Ntâmgǒ
4,Fə̀fə̀ 5 2025,Saturday,Tyə́'pfô
5,Fə̀fə̀ 6 2025,Sunday,Shyə̂ŋkǔ'
6,Fə̀fə̀ 7 2025,Monday,Dzə̂dzə
7,Fə̀fə̀ 8 2025,Tuesday,Ntâmdzə
8,Fə̀fə̀ 9 2025,Wednesday,Sɛ̂sǔ
9,Fə̀fə̀ 10 2025,Thursday,Gɔ̂sʉɔ̌
10,Fə̀fə̀ 11 2025,Friday,Dzə̂mtɔ̌
11,Fə̀fə̀ 12 2025,Saturday,Ntâmgǒ
12,Fə̀fə̀ 13 2025,Sunday,Tyə́'pfô
13,Fə̀fə̀ 14 2025,Monday,Shyə̂ŋkǔ'
14,Fə̀fə̀ 15 2025,Tuesday,Dzə̂dzə
15,Fə̀fə̀ 16 2025,Wednesday,Ntâmdzə
16,Fə̀fə̀ 17 2025,Thursday,Sɛ̂sǔ
17,Fə̀fə̀ 18 2025,Friday,Gɔ̂sʉɔ̌
18,Fə̀fə̀ 19 2025,Saturday,Dzə̂mtɔ̌
19,Fə̀fə̀ 20 2025,Sunday,Ntâmgǒ
20,Fə̀fə̀ 21 2025,Monday,Tyə́'pfô
21,Fə̀fə̀ 22 2025,Tuesday,Shyə̂ŋkǔ'
22,Fə̀fə̀ 23 2025,Wednesday,Dzə̂dzə
23,Fə̀fə̀ 24 2025,Thursday,Ntâmdzə
24,Fə̀fə̀ 25 2025,Friday,Sɛ̂sǔ
25,Fə̀fə̀ 26 2025,Saturday,Gɔ̂sʉɔ̌
26,Fə̀fə̀ 27 2025,Sunday,Dzə̂mtɔ̌
27,Fə̀fə̀ 28 2025,Monday,Ntâmgǒ
28,Fə̀fə̀ 29 2025,Tuesday,Tyə́'pfô
29,Fə̀fə̀ 30 2025,Wednesday,Shyə̂ŋkǔ'
30,Fə̀fə̀ 31 2025,Thursday,Dzə̂dzə
0,Shwâgə̀fə̀ 1 2025,Friday,Ntâmdzə
1,Shwâgə̀fə̀ 2 2025,Saturday,Sɛ̂sǔ
2,Shwâgə̀fə̀ 3 2025,Sunday,Gɔ̂sʉɔ̌
3,Shwâgə̀fə̀ 4 2025,Monday,Dzə̂mtɔ̌
4,Shwâgə̀fə̀ 5 2025,Tuesday,Ntâmgǒ
5,Shwâgə̀fə̀ 6 2025,Wednesday,Tyə́'pfô
6,Shwâgə̀fə̀ 7 2025,Thursday,Shyə̂ŋkǔ'
7,Shwâgə̀fə̀ 8 2025,Friday,Dzə̂dzə
8,Shwâgə̀fə̀ 9 2025,Saturday,Ntâmdzə
9,Shwâgə̀fə̀ 10 2025,Sunday,Sɛ̂sǔ
10,Shwâgə̀fə̀ 11 2025,Monday,Gɔ̂sʉɔ̌
11,Shwâgə̀fə̀ 12 2025,Tuesday,Dzə̂mtɔ̌
12,Shwâgə̀fə̀ 13 2025,Wednesday,Ntâmgǒ
13,Shwâgə̀fə̀ 14 2025,Thursday,Tyə́'pfô
14,Shwâgə̀fə̀ 15 2025,Friday,Shyə̂ŋkǔ'
15,Shwâgə̀fə̀ 16 2025,Saturday,Dzə̂dzə
16,Shwâgə̀fə̀ 17 2025,Sunday,Ntâmdzə
17,Shwâgə̀fə̀ 18 2025,Monday,Sɛ̂sǔ
18,Shwâgə̀fə̀ 19 2025,Tuesday,Gɔ̂sʉɔ̌
19,Shwâgə̀fə̀ 20 2025,Wednesday,Dzə̂mtɔ̌
20,Shwâgə̀fə̀ 21 2025,Thursday,Ntâmgǒ
21,Shwâgə̀fə̀ 22 2025,Friday,Tyə́'pfô
22,Shwâgə̀fə̀ 23 2025,Saturday,Shyə̂ŋkǔ'
23,Shwâgə̀fə̀ 24 2025,Sunday,Dzə̂dzə
24,Shwâgə̀fə̀ 25 2025,Monday,Ntâmdzə
25,Shwâgə̀fə̀ 26 2025,Tuesday,Sɛ̂sǔ
26,Shwâgə̀fə̀ 27 2025,Wednesday,Gɔ̂sʉɔ̌
27,Shwâgə̀fə̀ 28 2025,Thursday,Dzə̂mtɔ̌
28,Shwâgə̀fə̀ 29 2025,Friday,Ntâmgǒ
29,Shwâgə̀fə̀ 30 2025,Saturday,Tyə́'pfô
30,Shwâgə̀fə̀ 31 2025,Sunday,Shyə̂ŋkǔ'
0,Ŋkə̂mbiyɛ́ 1 2025,Monday,Dzə̂dzə
1,Ŋkə̂mbiyɛ́ 2 2025,Tuesday,Ntâmdzə
2,Ŋkə̂mbiyɛ́ 3 2025,Wednesday,Sɛ̂sǔ
3,Ŋkə̂mbiyɛ́ 4 2025,Thursday,Gɔ̂sʉɔ̌
4,Ŋkə̂mbiyɛ́ 5 2025,Friday,Dzə̂mtɔ̌
5,Ŋkə̂mbiyɛ́ 6 2025,Saturday,Ntâmgǒ
6,Ŋkə̂mbiyɛ́ 7 2025,Sunday,Tyə́'pfô
7,Ŋkə̂mbiyɛ́ 8 2025,Monday,Shyə̂ŋkǔ'
8,Ŋkə̂mbiyɛ́ 9 2025,Tuesday,Dzə̂dzə
9,Ŋkə̂mbiyɛ́ 10 2025,Wednesday,Ntâmdzə
10,Ŋkə̂mbiyɛ́ 11 2025,Thursday,Sɛ̂sǔ
11,Ŋkə̂mbiyɛ́ 12 2025,Friday,Gɔ̂sʉɔ̌
12,Ŋkə̂mbiyɛ́ 13 2025,Saturday,Dzə̂mtɔ̌
13,Ŋkə̂mbiyɛ́ 14 2025,Sunday,Ntâmgǒ
14,Ŋkə̂mbiyɛ́ 15 2025,Monday,Tyə́'pfô
15,Ŋkə̂mbiyɛ́ 16 2025,Tuesday,Shyə̂ŋkǔ'
16,Ŋkə̂mbiyɛ́ 17 2025,Wednesday,Dzə̂dzə
17,Ŋkə̂mbiyɛ́ 18 2025,Thursday,Ntâmdzə
18,Ŋkə̂mbiyɛ́ 19 2025,Friday,Sɛ̂sǔ
19,Ŋkə̂mbiyɛ́ 20 2025,Saturday,Gɔ̂sʉɔ̌
20,Ŋkə̂mbiyɛ́ 21 2025,Sunday,Dzə̂mtɔ̌
21,Ŋkə̂mbiyɛ́ 22 2025,Monday,Ntâmgǒ
22,Ŋkə̂mbiyɛ́ 23 2025,Tuesday,Tyə́'pfô
23,Ŋkə̂mbiyɛ́ 24 2025,Wednesday,Shyə̂ŋkǔ'
24,Ŋkə̂mbiyɛ́ 25 2025,Thursday,Dzə̂dzə
25,Ŋkə̂mbiyɛ́ 26 2025,Friday,Ntâmdzə
26,Ŋkə̂mbiyɛ́ 27 2025,Saturday,Sɛ̂sǔ
27,Ŋkə̂mbiyɛ́ 28 2025,Sunday,Gɔ̂sʉɔ̌
28,Ŋkə̂mbiyɛ́ 29 2025,Monday,Dzə̂mtɔ̌
29,Ŋkə̂mbiyɛ́ 30 2025,Tuesday,Ntâmgǒ
0,Dzʉ̂ʼmkǒ 1 2025,Wednesday,Tyə́'pfô
1,Dzʉ̂ʼmkǒ 2 2025,Thursday,Shyə̂ŋkǔ'
2,Dzʉ̂ʼmkǒ 3 2025,Friday,Dzə̂dzə
3,Dzʉ̂ʼmkǒ 4 2025,Saturday,Ntâmdzə
4,Dzʉ̂ʼmkǒ 5 2025,Sunday,Sɛ̂sǔ
5,Dzʉ̂ʼmkǒ 6 2025,Monday,Gɔ̂sʉɔ̌
6,Dzʉ̂ʼmkǒ 7 2025,Tuesday,Dzə̂mtɔ̌
7,Dzʉ̂ʼmkǒ 8 2025,Wednesday,Ntâmgǒ
8,Dzʉ̂ʼmkǒ 9 2025,Thursday,Tyə́'pfô
9,Dzʉ̂ʼmkǒ 10 2025,Friday,Shyə̂ŋkǔ'
10,Dzʉ̂ʼmkǒ 11 2025,Saturday,Dzə̂dzə
11,Dzʉ̂ʼmkǒ 12 2025,Sunday,Ntâmdzə
12,Dzʉ̂ʼmkǒ 13 2025,Monday,Sɛ̂sǔ
13,Dzʉ̂ʼmkǒ 14 2025,Tuesday,Gɔ̂sʉɔ̌
14,Dzʉ̂ʼmkǒ 15 2025,Wednesday,Dzə̂mtɔ̌
15,Dzʉ̂ʼmkǒ 16 2025,Thursday,Ntâmgǒ
16,Dzʉ̂ʼmkǒ 17 2025,Friday,Tyə́'pfô
17,Dzʉ̂ʼmkǒ 18 2025,Saturday,Shyə̂ŋkǔ'
18,Dzʉ̂ʼmkǒ 19 2025,Sunday,Dzə̂dzə
19,Dzʉ̂ʼmkǒ 20 2025,Monday,Ntâmdzə
20,Dzʉ̂ʼmkǒ 21 2025,Tuesday,Sɛ̂sǔ
21,Dzʉ̂ʼmkǒ 22 2025,Wednesday,Gɔ̂sʉɔ̌
22,Dzʉ̂ʼmkǒ 23 2025,Thursday,Dzə̂mtɔ̌
23,Dzʉ̂ʼmkǒ 24 2025,Friday,Ntâmgǒ
24,Dzʉ̂ʼmkǒ 25 2025,Saturday,Tyə́'pfô
25,Dzʉ̂ʼmkǒ 26 2025,Sunday,Shyə̂ŋkǔ'
26,Dzʉ̂ʼmkǒ 27 2025,Monday,Dzə̂dzə
27,Dzʉ̂ʼmkǒ 28 2025,Tuesday,Ntâmdzə
28,Dzʉ̂ʼmkǒ 29 2025,Wednesday,Sɛ̂sǔ
29,Dzʉ̂ʼmkǒ 30 2025,Thursday,Gɔ̂sʉɔ̌
30,Dzʉ̂ʼmkǒ 31 2025,Friday,Dzə̂mtɔ̌
0,Fə̂nàm 1 2025,Saturday,Ntâmgǒ
1,Fə̂nàm 2 2025,Sunday,Tyə́'pfô
2,Fə̂nàm 3 2025,Monday,Shyə̂ŋkǔ'
3,Fə̂nàm 4 2025,Tuesday,Dzə̂dzə
4,Fə̂nàm 5 2025,Wednesday,Ntâmdzə
5,Fə̂nàm 6 2025,Thursday,Sɛ̂sǔ
6,Fə̂nàm 7 2025,Friday,Gɔ̂sʉɔ̌
7,Fə̂nàm 8 2025,Saturday,Dzə̂mtɔ̌
8,Fə̂nàm 9 2025,Sunday,Ntâmgǒ
9,Fə̂nàm 10 2025,Monday,Tyə́'pfô
10,Fə̂nàm 11 2025,Tuesday,Shyə̂ŋkǔ'
11,Fə̂nàm 12 2025,Wednesday,Dzə̂dzə
12,Fə̂nàm 13 2025,Thursday,Ntâmdzə
13,Fə̂nàm 14 2025,Friday,Sɛ̂sǔ
14,Fə̂nàm 15 2025,Saturday,Gɔ̂sʉɔ̌
15,Fə̂nàm 16 2025,Sunday,Dzə̂mtɔ̌
16,Fə̂nàm 17 2025,Monday,Ntâmgǒ
17,Fə̂nàm 18 2025,Tuesday,Tyə́'pfô
18,Fə̂nàm 19 2025,Wednesday,Shyə̂ŋkǔ'
19,Fə̂nàm 20 2025,Thursday,Dzə̂dzə
20,Fə̂nàm 21 2025,Friday,Ntâmdzə
21,Fə̂nàm 22 2025,Saturday,Sɛ̂sǔ
22,Fə̂nàm 23 2025,Sunday,Gɔ̂sʉɔ̌
23,Fə̂nàm 24 2025,Monday,Dzə̂mtɔ̌
24,Fə̂nàm 25 2025,Tuesday,Ntâmgǒ
25,Fə̂nàm 26 2025,Wednesday,Tyə́'pfô
26,Fə̂nàm 27 2025,Thursday,Shyə̂ŋkǔ'
27,Fə̂nàm 28 2025,Friday,Dzə̂dzə
28,Fə̂nàm 29 2025,Saturday,Ntâmdzə
29,Fə̂nàm 30 2025,Sunday,Sɛ̂sǔ
0,Fʉ̂ʼbvʉ̀ 1 2025,Monday,Gɔ̂sʉɔ̌
1,Fʉ̂ʼbvʉ̀ 2 2025,Tuesday,Dzə̂mtɔ̌
2,Fʉ̂ʼbvʉ̀ 3 2025,Wednesday,Ntâmgǒ
3,Fʉ̂ʼbvʉ̀ 4 2025,Thursday,Tyə́'pfô
4,Fʉ̂ʼbvʉ̀ 5 2025,Friday,Shyə̂ŋkǔ'
5,Fʉ̂ʼbvʉ̀ 6 2025,Saturday,Dzə̂dzə
6,Fʉ̂ʼbvʉ̀ 7 2025,Sunday,Ntâmdzə
7,Fʉ̂ʼbvʉ̀ 8 2025,Monday,Sɛ̂sǔ
8,Fʉ̂ʼbvʉ̀ 9 2025,Tuesday,Gɔ̂sʉɔ̌
9,Fʉ̂ʼbvʉ̀ 10 2025,Wednesday,Dzə̂mtɔ̌
10,Fʉ̂ʼbvʉ̀ 11 2025,Thursday,Ntâmgǒ
11,Fʉ̂ʼbvʉ̀ 12 2025,Friday,Tyə́'pfô
12,Fʉ̂ʼbvʉ̀ 13 2025,Saturday,Shyə̂ŋkǔ'
13,Fʉ̂ʼbvʉ̀ 14 2025,Sunday,Dzə̂dzə
14,Fʉ̂ʼbvʉ̀ 15 2025,Monday,Ntâmdzə
15,Fʉ̂ʼbvʉ̀ 16 2025,Tuesday,Sɛ̂sǔ
16,Fʉ̂ʼbvʉ̀ 17 2025,Wednesday,Gɔ̂sʉɔ̌
17,Fʉ̂ʼbvʉ̀ 18 2025,Thursday,Dzə̂mtɔ̌
18,Fʉ̂ʼbvʉ̀ 19 2025,Friday,Ntâmgǒ
19,Fʉ̂ʼbvʉ̀ 20 2025,Saturday,Tyə́'pfô
20,Fʉ̂ʼbvʉ̀ 21 2025,Sunday,Shyə̂ŋkǔ'
21,Fʉ̂ʼbvʉ̀ 22 2025,Monday,Dzə̂dzə
22,Fʉ̂ʼbvʉ̀ 23 2025,Tuesday,Ntâmdzə
23,Fʉ̂ʼbvʉ̀ 24 2025,Wednesday,Sɛ̂sǔ
24,Fʉ̂ʼbvʉ̀ 25 2025,Thursday,Gɔ̂sʉɔ̌
25,Fʉ̂ʼbvʉ̀ 26 2025,Friday,Dzə̂mtɔ̌
26,Fʉ̂ʼbvʉ̀ 27 2025,Saturday,Ntâmgǒ
27,Fʉ̂ʼbvʉ̀ 28 2025,Sunday,Tyə́'pfô
28,Fʉ̂ʼbvʉ̀ 29 2025,Monday,Shyə̂ŋkǔ'
29,Fʉ̂ʼbvʉ̀ 30 2025,Tuesday,Dzə̂dzə
30,Fʉ̂ʼbvʉ̀ 31 2025,Wednesday,Ntâmdzə
